{"cameraMode":{"drawMode":0,"name":"Shaded","section":"Shading Mode"},"sceneLighting":true,"audioPlay":false,"sceneViewState":{"showFog":true,"showMaterialUpdate":true,"showSkybox":true,"showFlares":true,"showImageEffects":true,"showParticleSystems":true},"in2DMode":false,"pivot":{"x":-3.8330893516540529,"y":-12.097594261169434,"z":4.401355743408203},"rotation":{"x":0.28517675399780276,"y":-0.04399215057492256,"z":0.0130992466583848,"w":0.9573965668678284},"size":26.413105010986329,"orthographic":false}